Village,village
10150,1
10151,2
10154,3
10155,4
10156,5
10157,6
10160,7
10161,8
10162,9
10163,10
10164,11
10165,12
10166,13
10167,14
10168,15
10169,16
10170,17
10171,18
10250,19
10251,20
10350,21
10353,22
10357,23
10358,24
10450,25
10452,26
10550,27
10552,28
10553,29
10650,30
10751,31
10850,32
10853,33
10950,34
10954,35
10955,36
11150,37
11153,38
11253,39
11350,40
11450,41
11550,42
11551,43
20150,44
20151,45
20153,46
20155,47
20157,48
20158,49
20159,50
20160,51
20250,52
20251,53
20350,54
20351,55
20354,56
20355,57
20450,58
20550,59
20551,60
20552,61
20554,62
20555,63
20556,64
20650,65
20750,66
30150,67
30151,68
30153,69
30154,70
30155,71
30156,72
30157,73
30158,74
30160,75
30250,76
30251,77
30252,78
30350,79
30351,80
30352,81
30353,82
30354,83
30355,84
30356,85
30357,86
30358,87
30361,88
30362,89
30363,90
30450,91
30452,92
30550,93
30650,94
40150,95
40153,96
40154,97
40158,98
40159,99
40161,100
40250,101
40252,102
40254,103
40350,104
40352,105
40450,106
40451,107
40452,108
40550,109
40551,110
40553,111
40554,112
40555,113
40650,114
40651,115
50150,116
50151,117
50152,118
50153,119
50154,120
50156,121
50157,122
50158,123
50159,124
50161,125
50162,126
50250,127
50251,128
50252,129
50350,130
50351,131
50450,132
50451,133
50453,134
50455,135
50456,136
50457,137
50458,138
50550,139
50551,140
50552,141
50553,142
50554,143
50555,144
50650,145
50651,146
50652,147
50653,148
50750,149
50751,150
50752,151
60150,152
60151,153
60152,154
60154,155
60155,156
60156,157
60158,158
60159,159
60160,160
60161,161
60250,162
60251,163
60253,164
60258,165
60259,166
60350,167
60352,168
60353,169
60354,170
60450,171
60550,172
60554,173
60650,174
60651,175
60652,176
60750,177
60754,178
60755,179
60850,180
60952,181
61050,182
70150,183
70152,184
70250,185
70254,186
70350,187
70353,188
70450,189
70550,190
70650,191
70651,192
70652,193
70653,194
70654,195
70750,196
70850,197
70950,198
70951,199
70952,200
70953,201
70954,202
70956,203
71050,204
71053,205
71055,206
71056,207
71150,208
71153,209
71250,210
71252,211
71253,212
71255,213
71256,214
71350,215
71353,216
71354,217
71356,218
71359,219
71452,220
80150,221
80152,222
80153,223
80154,224
80159,225
80163,226
80166,227
80168,228
80251,229
80252,230
80253,231
80254,232
80256,233
80258,234
80261,235
80350,236
80352,237
80353,238
80356,239
80357,240
80358,241
80450,242
80451,243
80452,244
80453,245
80455,246
80550,247
80552,248
80553,249
80554,250
80558,251
80650,252
80651,253
80652,254
80654,255
80751,256
80752,257
80754,258
80755,259
90150,260
90152,261
90153,262
90156,263
90157,264
90158,265
90250,266
90350,267
90450,268
90550,269
90551,270
90650,271
90652,272
90653,273
90656,274
90750,275
90850,276
90851,277
90852,278
90950,279
91050,280
91051,281
91053,282
91054,283
91150,284
91151,285
91154,286
91250,287
91350,288
91450,289
91451,290
91452,291
91650,292
91651,293
91850,294
91950,295
91951,296
91952,297
91953,298
92050,299
92053,300
92055,301
92056,302
92150,303
92250,304
92251,305
92350,306
92450,307
92550,308
92750,309
100150,310
100152,311
100153,312
100154,313
100155,314
100156,315
100157,316
100250,317
100252,318
100253,319
100254,320
100350,321
100351,322
100352,323
100353,324
100354,325
100356,326
100450,327
100451,328
100452,329
100453,330
100455,331
100456,332
100457,333
100458,334
100550,335
100551,336
100553,337
100653,338
100655,339
110150,340
110152,341
110154,342
110156,343
110157,344
110159,345
110160,346
110161,347
110163,348
110250,349
110254,350
110350,351
110351,352
110354,353
110451,354
110456,355
110550,356
110551,357
110553,358
110650,359
110651,360
110652,361
110653,362
110654,363
110751,364
110753,365
110756,366
110850,367
110851,368
110950,369
110951,370
110952,371
110957,372
110959,373
111050,374
111053,375
111055,376
111150,377
111151,378
111153,379
111156,380
111157,381
111159,382
111251,383
111252,384
111350,385
111353,386
111355,387
111450,388
111451,389
111452,390
111650,391
120150,392
120153,393
120154,394
120155,395
120250,396
120251,397
120252,398
120350,399
120450,400
120451,401
120452,402
120550,403
120553,404
120555,405
120650,406
120651,407
120750,408
120752,409
120850,410
120851,411
120950,412
121050,413
121051,414
121150,415
121250,416
121350,417
130150,418
130151,419
130153,420
130154,421
130155,422
130156,423
130157,424
130250,425
130350,426
130351,427
130354,428
130355,429
130356,430
130357,431
130450,432
130451,433
130550,434
130650,435
130651,436
130654,437
130750,438
130850,439
130950,440
131050,441
131051,442
131054,443
131150,444
131151,445
131250,446
131351,447
131355,448
131453,449
131457,450
131550,451
131551,452
131552,453
131650,454
131651,455
131652,456
131653,457
131750,458
131751,459
131850,460
132050,461
140150,462
140156,463
140157,464
140158,465
140164,466
140250,467
140253,468
140258,469
140350,470
140351,471
140358,472
140450,473
140550,474
140556,475
140557,476
140650,477
140651,478
140652,479
140751,480
140850,481
140854,482
140950,483
140951,484
140952,485
140953,486
140954,487
141051,488
141251,489
150150,490
150151,491
150153,492
150154,493
150155,494
150156,495
150157,496
150350,497
150352,498
150354,499
150450,500
150453,501
150454,502
150750,503
150752,504
150754,505
150950,506
160150,507
160152,508
160156,509
160162,510
160163,511
160164,512
160165,513
160166,514
160250,515
160251,516
160252,517
160350,518
160450,519
160451,520
170150,521
170151,522
170152,523
170153,524
170154,525
170155,526
170156,527
170157,528
170159,529
170160,530
170161,531
170162,532
170163,533
170164,534
170165,535
170166,536
170170,537
170171,538
170172,539
170174,540
170175,541
170176,542
170177,543
170178,544
170179,545
170180,546
170181,547
170183,548
170184,549
170185,550
170186,551
170250,552
170251,553
170252,554
170253,555
170254,556
170255,557
170350,558
170352,559
170353,560
170356,561
170357,562
170450,563
170451,564
170452,565
170454,566
170550,567
170551,568
170750,569
170850,570
170950,571
180150,572
180151,573
180152,574
180153,575
180155,576
180156,577
180157,578
180159,579
180160,580
180161,581
180162,582
180163,583
180164,584
180165,585
180166,586
180168,587
180250,588
180350,589
180450,590
180451,591
180550,592
180650,593
180651,594
180750,595
180751,596
180755,597
180756,598
180757,599
180758,600
180850,601
180854,602
180855,603
180857,604
180950,605
180951,606
190150,607
190151,608
190152,609
190153,610
190156,611
190158,612
190250,613
190251,614
190350,615
190351,616
190450,617
190550,618
190551,619
190553,620
190650,621
190653,622
190750,623
190850,624
190851,625
190852,626
190854,627
190952,628
200150,629
200151,630
200250,631
200350,632
200351,633
210150,634
210152,635
210153,636
210155,637
210156,638
210157,639
210158,640
210250,641
210251,642
210252,643
210254,644
210350,645
210351,646
210354,647
210450,648
210451,649
210453,650
210454,651
210455,652
210554,653
210650,654
210652,655
210752,656
220150,657
220151,658
220152,659
220153,660
220157,661
220158,662
220159,663
220160,664
220161,665
220253,666
220350,667
220351,668
220352,669
220353,670
220354,671
220355,672
220356,673
220357,674
220358,675
220451,676
220453,677
220454,678
230150,679
230151,680
230152,681
230153,682
230154,683
230155,684
230156,685
230157,686
230250,687
240150,688
240152,689
240153,690
240154,691
240155,692
240156,693
240250,694
240350,695
240351,696
240352,697
